User ID,Email,First Name,Last Name,Active Keys,Total Keys
5,abhinav+dev@givtu.com,Abhinav,Testing,0,0
71,admin@givtu.com,Super,Admin,0,0
72,nikash@givtu.com,Nikash,Anand,45920,73360
73,nikash+givtutest1@givtu.com,Nikash,Anand,0,0
74,marc@givtu.com,Marc,Obfenda,553,911
75,nikash+givtutest2@givtu.com,Nikash 2,Anand 2,0,0
76,sanj@givtu.com,Sanjeshni,Narayan,0,0
77,abhinav@givtu.com,Abhinav,Goel,0,0
78,nikash+givtutest4@givtu.com,Nikash 4,Anand 4,0,0
79,jay@givtu.com,Jay,Anand,303,484
80,roly@givtu.com,Roly,Gill,494,646
81,j@smith.com,John,Smith,0,0
82,j2@smith.com,John2,Smith2,0,0
84,nikash+sms@givtu.com,Nikash,SMS,0,0
85,nikash+signup,signup,test,0,0
86,inclusionsoftwares@gmail.com,Sunit,Panwar,0,0
87,test_user@yopmail.com,test,user,0,0
89,testing@givtu.com,Testing,Testing,0,0
91,aweraf43@givtu.co,adfaf,asdfads,0,0
92,adsfaew@givtu.com,gaga,adfa,0,0
93,wdFAR3@GIVTU.COM,asdfa,awerfaf,0,0
94,test3@gmail.com,test,3,0,0
95,test4@gmail.com,test,4,0,0
96,test11@gmail.com,test,11,0,0
97,test15@gmail.com,test,15,0,0
98,test16@gmail.com,test,16,0,0
99,test17@gmail.com,test,17,0,0
100,test18@gmail.com,test,18,0,0
101,test19@gmail.com,test,18,0,0
102,admin@gmail.com,test,20,0,0
103,test21@gmail.com,Testing,21,0,0
104,testing22@gmail.com,testing,22,0,0
105,test23@gmail.com,test,23,0,0
106,test24@gmail.com,test,24,0,0
107,test25@gmail.com,test,25,0,0
108,test26@gmail.com,test,26,0,0
109,test27@gmail.com,test,27,0,0
110,test28@gmail.com,test,27,0,0
111,test29@gmail.com,test,28,0,0
112,test30@gmail.com,test,30,0,0
113,test31@gmail.com,test,31,0,0
114,test32@gmail.com,test,32,0,0
115,test34@gmail.com,test,34,0,0
116,test35@gmail.com,test,35,0,0
117,test36@gmail.com,test,36,0,0
118,test37@gmail.com,test,37,0,0
119,test38@gmail.com,test,38,0,0
120,test39@gmail.com,test,39,0,0
121,test40@gmail.com,test,40,0,0
122,test33@gmail.com,test,33,0,0
123,test41@gmail.com,test,31,0,0
124,geigrojoffeucu-8188@yopmail.com,test,41,0,0
125,brawebrumadou-2096@yopmail.com,trest,41,0,0
126,vepoginuttei-3951@yopmail.com,test,42,0,0
127,mebahauddeude-9991@yopmail.com,test,test,0,0
128,test45@gmail.com,test,45,0,0
129,test46@gmail.com,test,46,0,0
130,test43@gmail.com,Test,43,0,0
131,test44@gmail.com,test,44,0,0
132,cocrouneuttucre-7493@yopmail.com,test,tewtst,0,0
133,test47@gmail.com,test,47,0,0
134,test48@gmail.com,test,48,0,0
135,test49@gmail.com,test,49,0,0
136,test50@gmail.com,test,50,0,0
137,test51@gmail.com,test,51,0,0
138,tes52@gmail.com,test,52,0,0
139,test55@gmail.com,test,55,0,0
140,test56@gmail.com,test,56,0,0
141,test57@gmail.com,test,57,0,0
142,marcobfenda+100@gmail.com,Richelle,Obfenda,0,0
143,rohit@givtu.com,ROhit,kumar,13,15
144,test58@gmail.com,test,58,0,0
145,ram1@yopmail.com,ram,shyam,0,0
146,ram2@yopmail.com,ram,ram,0,0
147,test110@gmail.com,test,110,0,0
148,stage@yopmail.com,stage,ram,0,0
149,ram4@yopmail.com,ram4,ram,0,0
150,test191@gmail.com,test,191,0,0
151,test121@gmail.com,test,121,0,0
152,test122@gmail.com,test,122,0,0
153,test123@gmail.com,test,123,0,0
154,test128@gmail.com,test,128,0,0
155,test_payment@givtu.com,test,payment,0,0
156,nikash+maytesting@givtu.com,Nikash,May,0,0
157,test_user11@yopmail.com,test,test,0,0
158,nikash+maytesting2@givtu.com,Nikash,MAy Test 2,0,0
159,nikash+maytest3@givtu.com,Nikash,MAy Test 3,0,0
160,nikash+maytest4@givtu.com,Niaksh,May Test 4,0,0
161,rohitgivtu@yopmail.com,Rohit,Kumar,0,0
162,rohitgivtu2@yopmail.com,rohit,kumar,0,0
163,rohitgivtu3@yopmail.com,Rohit,Kumar,0,0
164,test_user13@yopmail.com,Teat,User13,0,0
165,rohitgivtu4@yopmail.com,Rohit,kumar,0,0
166,coe@givtu.com,coe,1,0,0
167,coe2@givtu.com,coe,2,0,0
168,nikash+testing_1@givtu.com,Nikash,TEST1,0,0
169,nikash+testing_2@givtu.com,Nikash,Test2,0,0
170,nikash+test_3@givtu.com,Nikash,Test3,0,0
171,nikash+testing_3@givtu.com,nikash,test4,0,0
172,nikash+testing_5@givtu.com,niaksh,test4,0,0
173,nikash+payapaltest@givtu.com,nikash,test,0,0
174,nikash+paypaltest12345@givtu.com,nikash,anand,0,0
175,jay@givtu1.com,Jay_t1,Anand,0,0
176,jay@givtu2.com,Jay_t2,Anand,0,0
177,yvonneklux@gmail.com,Yvonne,Klux,0,0
178,nikash+fetest1@givtu.com,Nikash,FE,0,0
179,nikash+WelcomeText@givtu.com,Nikash,Anand,0,0
180,clive@givtu.com,Clive,Weston,840,1160
182,sohitac@givtu.com,sohit ,ac,0,0
185,tushar_chauhan@inclusionsoft.com,Tushar ,Chauhan,0,0
186,dkelly@ipsi.com.au,Doug,Kelly,0,0
187,anubha@givtu.com,Anubha,Anu,0,0
188,marc+10@givtu.com,Marc10,Obfenda10,0,0
189,ridewithgv@gmail.com,Rohit,kumar,0,0
190,ggdfg@givtu.com,ertre,erter,0,0
191,gfdgdf@givtu.com,test,keys,0,0
193,nikash+signup3@givtu.com,Signup,Test,0,0
194,nikash+purchaseflow1@givtu.com,Nikash,Purchase Signup,0,0
195,testuser@givtu.com,test,user,0,0
196,dummyuser@givtu.com,dummy,user,0,0
197,adminasdfafasds@givtu.com,Amit,Rana,0,0
198,adminadfasfdasf@givtu.com,Amit,Rana,0,0
199,nikash+FandF@givtu.com,Family,Friends,0,0
200,nikash+FandF2@givtu.com,Family Friends,2,0,0
201,anu.arian@gmail.com,Test1,user,0,0
202,nikash+OTP@givtu.com,Nikash,OTP,0,0
203,roly+test@givtu.com,Roly,Test,6514,13094
204,sanj+test1@givtu.com,Sanjeshni,Narayan,0,0
205,drusillelee@optusnet.com.au,Dru,Lee,0,0
206,sanj+test2@givtu.com,Sanj,Test2,0,0
207,testingcode@gmail.com,test,test,0,0
208,virtualclive@gmail.com,Clive,West,5696,12272
209,jkanand82@gmail.com,Jay,Anand,0,0
210,marcobfenda+1000@gmail.com,Marc1000,Obfenda1000,0,0
211,nikash+fcheckbox@givtu.com,fortune,test,0,0
212,test+payment@yopmail.com,test,payment,0,0
213,test333@givtu.com,test,test,0,0
214,nikash+newuser@givtu.com,new,user,0,0
215,test+1@yopmail.com,Test,+1,0,0
216,marc+2000@givtu.com,MarcOptOut,ObfendaOptOut,24,480
217,marc+3000@givtu.com,User1,Last1,6,104
218,marc+5000@givtu.com,MarcQR,ObfendaQR,0,0
